OSIEmp;OSIM;OSIA;OSIEst;OSICant
America Movil Peru S.A.C.;ene-17;2017;Sustraídos;63.710
America Movil Peru S.A.C.;ene-17;2017;Recuperados;5.902
America Movil Peru S.A.C.;ene-17;2017;Perdidos;32.283
Entel Peru S.A.;ene-17;2017;Recuperados;4.452
Entel Peru S.A.;ene-17;2017;Sustraídos;52.146
Flash Servicios Peru S.R.L.;ene-17;2017;Perdidos;12
Flash Servicios Peru S.R.L.;ene-17;2017;Sustraídos;106
Flash Servicios Peru S.R.L.;ene-17;2017;Recuperados;2
Telefonica del Peru S.A.A.;ene-17;2017;Sustraídos;81.018
Telefonica del Peru S.A.A.;ene-17;2017;Perdidos;36.563
Telefonica del Peru S.A.A.;ene-17;2017;Recuperados;5.451
Viettel Peru S.A.C.;ene-17;2017;Perdidos;1.923
Viettel Peru S.A.C.;ene-17;2017;Recuperados;189
Viettel Peru S.A.C.;ene-17;2017;Sustraídos;5.264
America Movil Peru S.A.C.;feb-17;2017;Recuperados;5.461
America Movil Peru S.A.C.;feb-17;2017;Sustraídos;61.650
America Movil Peru S.A.C.;feb-17;2017;Perdidos;29.327
Entel Peru S.A.;feb-17;2017;Recuperados;4.072
Entel Peru S.A.;feb-17;2017;Sustraídos;51.483
Flash Servicios Peru S.R.L.;feb-17;2017;Sustraídos;102
Flash Servicios Peru S.R.L.;feb-17;2017;Recuperados;3
Flash Servicios Peru S.R.L.;feb-17;2017;Perdidos;8
Telefonica del Peru S.A.A.;feb-17;2017;Sustraídos;74.695
Telefonica del Peru S.A.A.;feb-17;2017;Recuperados;4.762
Telefonica del Peru S.A.A.;feb-17;2017;Perdidos;31.353
Viettel Peru S.A.C.;feb-17;2017;Sustraídos;5.422
Viettel Peru S.A.C.;feb-17;2017;Perdidos;1.847
Viettel Peru S.A.C.;feb-17;2017;Recuperados;206
America Movil Peru S.A.C.;mar-17;2017;Sustraídos;65.506
America Movil Peru S.A.C.;mar-17;2017;Perdidos;30.347
America Movil Peru S.A.C.;mar-17;2017;Recuperados;5.655
Entel Peru S.A.;mar-17;2017;Recuperados;3.752
Entel Peru S.A.;mar-17;2017;Perdidos;1
Entel Peru S.A.;mar-17;2017;Sustraídos;50.709
Flash Servicios Peru S.R.L.;mar-17;2017;Recuperados;6
Flash Servicios Peru S.R.L.;mar-17;2017;Sustraídos;101
Flash Servicios Peru S.R.L.;mar-17;2017;Perdidos;7
Telefonica del Peru S.A.A.;mar-17;2017;Recuperados;4.815
Telefonica del Peru S.A.A.;mar-17;2017;Sustraídos;75.495
Telefonica del Peru S.A.A.;mar-17;2017;Perdidos;30.424
Viettel Peru S.A.C.;mar-17;2017;Perdidos;2.160
Viettel Peru S.A.C.;mar-17;2017;Recuperados;164
Viettel Peru S.A.C.;mar-17;2017;Sustraídos;5.678
America Movil Peru S.A.C.;abr-17;2017;Sustraídos;62.257
America Movil Peru S.A.C.;abr-17;2017;Recuperados;5.149
America Movil Peru S.A.C.;abr-17;2017;Perdidos;28.130
Entel Peru S.A.;abr-17;2017;Sustraídos;46.497
Entel Peru S.A.;abr-17;2017;Recuperados;2.816
Flash Servicios Peru S.R.L.;abr-17;2017;Recuperados;3
Flash Servicios Peru S.R.L.;abr-17;2017;Perdidos;9
Flash Servicios Peru S.R.L.;abr-17;2017;Sustraídos;99
Telefonica del Peru S.A.A.;abr-17;2017;Sustraídos;71.707
Telefonica del Peru S.A.A.;abr-17;2017;Recuperados;3.889
Telefonica del Peru S.A.A.;abr-17;2017;Perdidos;27.660
Viettel Peru S.A.C.;abr-17;2017;Sustraídos;13.814
Viettel Peru S.A.C.;abr-17;2017;Perdidos;2.236
Viettel Peru S.A.C.;abr-17;2017;Recuperados;160
America Movil Peru S.A.C.;may-17;2017;Perdidos;29.626
America Movil Peru S.A.C.;may-17;2017;Recuperados;5.755
America Movil Peru S.A.C.;may-17;2017;Sustraídos;66.488
Entel Peru S.A.;may-17;2017;Recuperados;3.288
Entel Peru S.A.;may-17;2017;Sustraídos;49.914
Entel Peru S.A.;may-17;2017;Perdidos;1
Flash Servicios Peru S.R.L.;may-17;2017;Perdidos;5
Flash Servicios Peru S.R.L.;may-17;2017;Sustraídos;74
Telefonica del Peru S.A.A.;may-17;2017;Recuperados;5.558
Telefonica del Peru S.A.A.;may-17;2017;Perdidos;27.624
Telefonica del Peru S.A.A.;may-17;2017;Sustraídos;75.376
Viettel Peru S.A.C.;may-17;2017;Perdidos;2.373
Viettel Peru S.A.C.;may-17;2017;Recuperados;279
Viettel Peru S.A.C.;may-17;2017;Sustraídos;7.188
America Movil Peru S.A.C.;jun-17;2017;Perdidos;27.756
America Movil Peru S.A.C.;jun-17;2017;Recuperados;5.719
America Movil Peru S.A.C.;jun-17;2017;Sustraídos;60.160
Entel Peru S.A.;jun-17;2017;Sustraídos;50.770
Entel Peru S.A.;jun-17;2017;Recuperados;3.333
Flash Servicios Peru S.R.L.;jun-17;2017;Recuperados;3
Flash Servicios Peru S.R.L.;jun-17;2017;Sustraídos;61
Flash Servicios Peru S.R.L.;jun-17;2017;Perdidos;1
Telefonica del Peru S.A.A.;jun-17;2017;Sustraídos;70.447
Telefonica del Peru S.A.A.;jun-17;2017;Recuperados;3.860
Telefonica del Peru S.A.A.;jun-17;2017;Perdidos;22.342
Viettel Peru S.A.C.;jun-17;2017;Sustraídos;7.511
Viettel Peru S.A.C.;jun-17;2017;Perdidos;2.489
Viettel Peru S.A.C.;jun-17;2017;Recuperados;272
America Movil Peru S.A.C.;jul-17;2017;Sustraídos;64.354
America Movil Peru S.A.C.;jul-17;2017;Perdidos;29.572
America Movil Peru S.A.C.;jul-17;2017;Recuperados;4.568
Entel Peru S.A.;jul-17;2017;Perdidos;756
Entel Peru S.A.;jul-17;2017;Recuperados;3.604
Entel Peru S.A.;jul-17;2017;Sustraídos;54.498
Flash Servicios Peru S.R.L.;jul-17;2017;Recuperados;2
Flash Servicios Peru S.R.L.;jul-17;2017;Sustraídos;44
Telefonica del Peru S.A.A.;jul-17;2017;Perdidos;25.735
Telefonica del Peru S.A.A.;jul-17;2017;Sustraídos;70.616
Telefonica del Peru S.A.A.;jul-17;2017;Recuperados;3.812
Viettel Peru S.A.C.;jul-17;2017;Perdidos;2.757
Viettel Peru S.A.C.;jul-17;2017;Recuperados;356
Viettel Peru S.A.C.;jul-17;2017;Sustraídos;9.158
America Movil Peru S.A.C.;ago-17;2017;Perdidos;28.650
America Movil Peru S.A.C.;ago-17;2017;Sustraídos;62.416
America Movil Peru S.A.C.;ago-17;2017;Recuperados;4.639
Entel Peru S.A.;ago-17;2017;Recuperados;3.518
Entel Peru S.A.;ago-17;2017;Sustraídos;54.801
Entel Peru S.A.;ago-17;2017;Perdidos;684
Flash Servicios Peru S.R.L.;ago-17;2017;Sustraídos;28
Flash Servicios Peru S.R.L.;ago-17;2017;Perdidos;1
Telefonica del Peru S.A.A.;ago-17;2017;Perdidos;24.843
Telefonica del Peru S.A.A.;ago-17;2017;Recuperados;3.868
Telefonica del Peru S.A.A.;ago-17;2017;Sustraídos;64.511
Viettel Peru S.A.C.;ago-17;2017;Sustraídos;38.835
Viettel Peru S.A.C.;ago-17;2017;Recuperados;401
Viettel Peru S.A.C.;ago-17;2017;Perdidos;3.026
America Movil Peru S.A.C.;sep-17;2017;Recuperados;4.975
America Movil Peru S.A.C.;sep-17;2017;Sustraídos;61.712
America Movil Peru S.A.C.;sep-17;2017;Perdidos;27.377
Entel Peru S.A.;sep-17;2017;Perdidos;589
Entel Peru S.A.;sep-17;2017;Recuperados;3.806
Entel Peru S.A.;sep-17;2017;Sustraídos;55.192
Flash Servicios Peru S.R.L.;sep-17;2017;Recuperados;2
Flash Servicios Peru S.R.L.;sep-17;2017;Sustraídos;16
Flash Servicios Peru S.R.L.;sep-17;2017;Perdidos;1
Telefonica del Peru S.A.A.;sep-17;2017;Recuperados;3.983
Telefonica del Peru S.A.A.;sep-17;2017;Perdidos;23.813
Telefonica del Peru S.A.A.;sep-17;2017;Sustraídos;58.165
Viettel Peru S.A.C.;sep-17;2017;Perdidos;2.591
Viettel Peru S.A.C.;sep-17;2017;Sustraídos;8.704
Viettel Peru S.A.C.;sep-17;2017;Recuperados;449
America Movil Peru S.A.C.;oct-17;2017;Sustraídos;63.471
America Movil Peru S.A.C.;oct-17;2017;Perdidos;28.745
America Movil Peru S.A.C.;oct-17;2017;Recuperados;5.129
Entel Peru S.A.;oct-17;2017;Perdidos;323
Entel Peru S.A.;oct-17;2017;Sustraídos;56.550
Entel Peru S.A.;oct-17;2017;Recuperados;3.596
Flash Servicios Peru S.R.L.;oct-17;2017;Sustraídos;15
Flash Servicios Peru S.R.L.;oct-17;2017;Perdidos;2
Telefonica del Peru S.A.A.;oct-17;2017;Recuperados;7.068
Telefonica del Peru S.A.A.;oct-17;2017;Perdidos;29.279
Telefonica del Peru S.A.A.;oct-17;2017;Sustraídos;60.998
Viettel Peru S.A.C.;oct-17;2017;Perdidos;2.617
Viettel Peru S.A.C.;oct-17;2017;Recuperados;661
Viettel Peru S.A.C.;oct-17;2017;Sustraídos;10.550
America Movil Peru S.A.C.;nov-17;2017;Recuperados;5.049
America Movil Peru S.A.C.;nov-17;2017;Perdidos;27.287
America Movil Peru S.A.C.;nov-17;2017;Sustraídos;61.050
Entel Peru S.A.;nov-17;2017;Sustraídos;57.625
Entel Peru S.A.;nov-17;2017;Recuperados;3.516
Entel Peru S.A.;nov-17;2017;Perdidos;240
Flash Servicios Peru S.R.L.;nov-17;2017;Sustraídos;16
Telefonica del Peru S.A.A.;nov-17;2017;Sustraídos;57.995
Telefonica del Peru S.A.A.;nov-17;2017;Perdidos;18.734
Telefonica del Peru S.A.A.;nov-17;2017;Recuperados;3.571
Viettel Peru S.A.C.;nov-17;2017;Perdidos;2.651
Viettel Peru S.A.C.;nov-17;2017;Sustraídos;8.796
Viettel Peru S.A.C.;nov-17;2017;Recuperados;481
America Movil Peru S.A.C.;dic-17;2017;Perdidos;27.646
America Movil Peru S.A.C.;dic-17;2017;Recuperados;5.016
America Movil Peru S.A.C.;dic-17;2017;Sustraídos;65.621
Entel Peru S.A.;dic-17;2017;Sustraídos;61.376
Entel Peru S.A.;dic-17;2017;Perdidos;680
Entel Peru S.A.;dic-17;2017;Recuperados;5.134
Flash Servicios Peru S.R.L.;dic-17;2017;Sustraídos;13
Flash Servicios Peru S.R.L.;dic-17;2017;Recuperados;1
Telefonica del Peru S.A.A.;dic-17;2017;Sustraídos;65.345
Telefonica del Peru S.A.A.;dic-17;2017;Perdidos;22.892
Telefonica del Peru S.A.A.;dic-17;2017;Recuperados;3.879
Viettel Peru S.A.C.;dic-17;2017;Perdidos;2.322
Viettel Peru S.A.C.;dic-17;2017;Sustraídos;8.343
Viettel Peru S.A.C.;dic-17;2017;Recuperados;455
America Movil Peru S.A.C.;ene-18;2018;Recuperados;4.992
America Movil Peru S.A.C.;ene-18;2018;Sustraídos;62.855
America Movil Peru S.A.C.;ene-18;2018;Perdidos;26.299
Entel Peru S.A.;ene-18;2018;Sustraídos;57.518
Entel Peru S.A.;ene-18;2018;Perdidos;453
Entel Peru S.A.;ene-18;2018;Recuperados;4.396
Flash Servicios Peru S.R.L.;ene-18;2018;Perdidos;2
Flash Servicios Peru S.R.L.;ene-18;2018;Sustraídos;15
Telefonica del Peru S.A.A.;ene-18;2018;Perdidos;23.630
Telefonica del Peru S.A.A.;ene-18;2018;Recuperados;3.847
Telefonica del Peru S.A.A.;ene-18;2018;Sustraídos;59.271
Viettel Peru S.A.C.;ene-18;2018;Recuperados;561
Viettel Peru S.A.C.;ene-18;2018;Perdidos;2.618
Viettel Peru S.A.C.;ene-18;2018;Sustraídos;9.646
America Movil Peru S.A.C.;feb-18;2018;Recuperados;4.207
America Movil Peru S.A.C.;feb-18;2018;Perdidos;23.620
America Movil Peru S.A.C.;feb-18;2018;Sustraídos;59.899
Entel Peru S.A.;feb-18;2018;Sustraídos;52.322
Entel Peru S.A.;feb-18;2018;Perdidos;254
Entel Peru S.A.;feb-18;2018;Recuperados;3.660
Flash Servicios Peru S.R.L.;feb-18;2018;Recuperados;1
Flash Servicios Peru S.R.L.;feb-18;2018;Perdidos;1
Flash Servicios Peru S.R.L.;feb-18;2018;Sustraídos;11
Telefonica del Peru S.A.A.;feb-18;2018;Perdidos;19.626
Telefonica del Peru S.A.A.;feb-18;2018;Sustraídos;54.505
Telefonica del Peru S.A.A.;feb-18;2018;Recuperados;3.827
Viettel Peru S.A.C.;feb-18;2018;Sustraídos;8.814
Viettel Peru S.A.C.;feb-18;2018;Perdidos;2.370
Viettel Peru S.A.C.;feb-18;2018;Recuperados;477
America Movil Peru S.A.C.;mar-18;2018;Perdidos;23.386
America Movil Peru S.A.C.;mar-18;2018;Sustraídos;64.320
America Movil Peru S.A.C.;mar-18;2018;Recuperados;4.328
Entel Peru S.A.;mar-18;2018;Recuperados;3.779
Entel Peru S.A.;mar-18;2018;Perdidos;418
Entel Peru S.A.;mar-18;2018;Sustraídos;54.662
Flash Servicios Peru S.R.L.;mar-18;2018;Sustraídos;7
Flash Servicios Peru S.R.L.;mar-18;2018;Perdidos;2
Telefonica del Peru S.A.A.;mar-18;2018;Recuperados;3.597
Telefonica del Peru S.A.A.;mar-18;2018;Sustraídos;58.948
Telefonica del Peru S.A.A.;mar-18;2018;Perdidos;21.434
Viettel Peru S.A.C.;mar-18;2018;Recuperados;611
Viettel Peru S.A.C.;mar-18;2018;Sustraídos;11.077
Viettel Peru S.A.C.;mar-18;2018;Perdidos;3.155
America Movil Peru S.A.C.;abr-18;2018;Perdidos;22.252
America Movil Peru S.A.C.;abr-18;2018;Sustraídos;62.348
America Movil Peru S.A.C.;abr-18;2018;Recuperados;6.067
Entel Peru S.A.;abr-18;2018;Perdidos;1.627
Entel Peru S.A.;abr-18;2018;Recuperados;3.487
Entel Peru S.A.;abr-18;2018;Sustraídos;53.187
Flash Servicios Peru S.R.L.;abr-18;2018;Sustraídos;6
Telefonica del Peru S.A.A.;abr-18;2018;Perdidos;20.154
Telefonica del Peru S.A.A.;abr-18;2018;Recuperados;4.604
Telefonica del Peru S.A.A.;abr-18;2018;Sustraídos;60.389
Viettel Peru S.A.C.;abr-18;2018;Perdidos;3.031
Viettel Peru S.A.C.;abr-18;2018;Sustraídos;10.925
Viettel Peru S.A.C.;abr-18;2018;Recuperados;644
America Movil Peru S.A.C.;may-18;2018;Sustraídos;65.337
America Movil Peru S.A.C.;may-18;2018;Recuperados;4.580
America Movil Peru S.A.C.;may-18;2018;Perdidos;24.657
Entel Peru S.A.;may-18;2018;Perdidos;2.652
Entel Peru S.A.;may-18;2018;Recuperados;3.244
Entel Peru S.A.;may-18;2018;Sustraídos;52.016
Flash Servicios Peru S.R.L.;may-18;2018;Recuperados;1
Flash Servicios Peru S.R.L.;may-18;2018;Sustraídos;15
Telefonica del Peru S.A.A.;may-18;2018;Perdidos;20.158
Telefonica del Peru S.A.A.;may-18;2018;Sustraídos;75.471
Telefonica del Peru S.A.A.;may-18;2018;Recuperados;3.908
Viettel Peru S.A.C.;may-18;2018;Sustraídos;12.116
Viettel Peru S.A.C.;may-18;2018;Perdidos;3.356
Viettel Peru S.A.C.;may-18;2018;Recuperados;696
America Movil Peru S.A.C.;jun-18;2018;Recuperados;4.190
America Movil Peru S.A.C.;jun-18;2018;Perdidos;24.268
America Movil Peru S.A.C.;jun-18;2018;Sustraídos;60.548
Entel Peru S.A.;jun-18;2018;Perdidos;2.155
Entel Peru S.A.;jun-18;2018;Recuperados;3.471
Entel Peru S.A.;jun-18;2018;Sustraídos;47.768
Flash Servicios Peru S.R.L.;jun-18;2018;Sustraídos;4
Telefonica del Peru S.A.A.;jun-18;2018;Recuperados;3.074
Telefonica del Peru S.A.A.;jun-18;2018;Sustraídos;59.398
Telefonica del Peru S.A.A.;jun-18;2018;Perdidos;18.462
Viettel Peru S.A.C.;jun-18;2018;Perdidos;3.293
Viettel Peru S.A.C.;jun-18;2018;Sustraídos;11.736
Viettel Peru S.A.C.;jun-18;2018;Recuperados;751
America Movil Peru S.A.C.;jul-18;2018;Perdidos;25.470
America Movil Peru S.A.C.;jul-18;2018;Recuperados;4.343
America Movil Peru S.A.C.;jul-18;2018;Sustraídos;63.772
Entel Peru S.A.;jul-18;2018;Sustraídos;51.591
Entel Peru S.A.;jul-18;2018;Perdidos;2.366
Entel Peru S.A.;jul-18;2018;Recuperados;3.446
Flash Servicios Peru S.R.L.;jul-18;2018;Sustraídos;3
Telefonica del Peru S.A.A.;jul-18;2018;Recuperados;3.939
Telefonica del Peru S.A.A.;jul-18;2018;Perdidos;18.574
Telefonica del Peru S.A.A.;jul-18;2018;Sustraídos;74.585
Viettel Peru S.A.C.;jul-18;2018;Perdidos;3.519
Viettel Peru S.A.C.;jul-18;2018;Recuperados;654
Viettel Peru S.A.C.;jul-18;2018;Sustraídos;12.940
America Movil Peru S.A.C.;ago-18;2018;Perdidos;24.993
America Movil Peru S.A.C.;ago-18;2018;Recuperados;3.473
America Movil Peru S.A.C.;ago-18;2018;Sustraídos;60.486
Entel Peru S.A.;ago-18;2018;Perdidos;2.338
Entel Peru S.A.;ago-18;2018;Sustraídos;52.048
Entel Peru S.A.;ago-18;2018;Recuperados;3.538
Flash Servicios Peru S.R.L.;ago-18;2018;Sustraídos;7
Telefonica del Peru S.A.A.;ago-18;2018;Perdidos;19.072
Telefonica del Peru S.A.A.;ago-18;2018;Sustraídos;60.871
Telefonica del Peru S.A.A.;ago-18;2018;Recuperados;3.157
Viettel Peru S.A.C.;ago-18;2018;Sustraídos;13.631
Viettel Peru S.A.C.;ago-18;2018;Recuperados;736
Viettel Peru S.A.C.;ago-18;2018;Perdidos;3.351
America Movil Peru S.A.C.;sep-18;2018;Sustraídos;61.437
America Movil Peru S.A.C.;sep-18;2018;Perdidos;23.901
America Movil Peru S.A.C.;sep-18;2018;Recuperados;3.302
Entel Peru S.A.;sep-18;2018;Perdidos;2.120
Entel Peru S.A.;sep-18;2018;Sustraídos;53.641
Entel Peru S.A.;sep-18;2018;Recuperados;3.438
Flash Servicios Peru S.R.L.;sep-18;2018;Recuperados;1
Flash Servicios Peru S.R.L.;sep-18;2018;Perdidos;2
Flash Servicios Peru S.R.L.;sep-18;2018;Sustraídos;10
Telefonica del Peru S.A.A.;sep-18;2018;Recuperados;3.029
Telefonica del Peru S.A.A.;sep-18;2018;Perdidos;18.293
Telefonica del Peru S.A.A.;sep-18;2018;Sustraídos;60.935
Viettel Peru S.A.C.;sep-18;2018;Perdidos;3.589
Viettel Peru S.A.C.;sep-18;2018;Sustraídos;15.421
Viettel Peru S.A.C.;sep-18;2018;Recuperados;754
America Movil Peru S.A.C.;oct-18;2018;Sustraídos;62.514
America Movil Peru S.A.C.;oct-18;2018;Perdidos;22.203
America Movil Peru S.A.C.;oct-18;2018;Recuperados;3.414
Entel Peru S.A.;oct-18;2018;Perdidos;1.931
Entel Peru S.A.;oct-18;2018;Sustraídos;53.640
Entel Peru S.A.;oct-18;2018;Recuperados;3.910
Flash Servicios Peru S.R.L.;oct-18;2018;Sustraídos;6
Telefonica del Peru S.A.A.;oct-18;2018;Perdidos;16.220
Telefonica del Peru S.A.A.;oct-18;2018;Sustraídos;63.754
Telefonica del Peru S.A.A.;oct-18;2018;Recuperados;3.313
Viettel Peru S.A.C.;oct-18;2018;Recuperados;951
Viettel Peru S.A.C.;oct-18;2018;Perdidos;4.151
Viettel Peru S.A.C.;oct-18;2018;Sustraídos;17.475
America Movil Peru S.A.C.;nov-18;2018;Perdidos;20.325
America Movil Peru S.A.C.;nov-18;2018;Sustraídos;58.947
America Movil Peru S.A.C.;nov-18;2018;Recuperados;2.973
Entel Peru S.A.;nov-18;2018;Sustraídos;53.097
Entel Peru S.A.;nov-18;2018;Perdidos;1.862
Entel Peru S.A.;nov-18;2018;Recuperados;3.811
Flash Servicios Peru S.R.L.;nov-18;2018;Perdidos;1
Flash Servicios Peru S.R.L.;nov-18;2018;Sustraídos;6
Telefonica del Peru S.A.A.;nov-18;2018;Sustraídos;62.390
Telefonica del Peru S.A.A.;nov-18;2018;Recuperados;1.457
Telefonica del Peru S.A.A.;nov-18;2018;Perdidos;14.179
Viettel Peru S.A.C.;nov-18;2018;Recuperados;863
Viettel Peru S.A.C.;nov-18;2018;Perdidos;4.237
Viettel Peru S.A.C.;nov-18;2018;Sustraídos;17.647
America Movil Peru S.A.C.;dic-18;2018;Sustraídos;58.927
America Movil Peru S.A.C.;dic-18;2018;Recuperados;2.760
America Movil Peru S.A.C.;dic-18;2018;Perdidos;20.458
Entel Peru S.A.;dic-18;2018;Perdidos;1.643
Entel Peru S.A.;dic-18;2018;Sustraídos;54.929
Entel Peru S.A.;dic-18;2018;Recuperados;2.950
Flash Servicios Peru S.R.L.;dic-18;2018;Sustraídos;1
Telefonica del Peru S.A.A.;dic-18;2018;Recuperados;2.360
Telefonica del Peru S.A.A.;dic-18;2018;Perdidos;15.201
Telefonica del Peru S.A.A.;dic-18;2018;Sustraídos;63.593
Viettel Peru S.A.C.;dic-18;2018;Recuperados;917
Viettel Peru S.A.C.;dic-18;2018;Sustraídos;18.105
Viettel Peru S.A.C.;dic-18;2018;Perdidos;4.446
America Movil Peru S.A.C.;ene-19;2019;Recuperados;2.872
America Movil Peru S.A.C.;ene-19;2019;Perdidos;18.061
America Movil Peru S.A.C.;ene-19;2019;Sustraídos;52.403
Entel Peru S.A.;ene-19;2019;Sustraídos;50.865
Entel Peru S.A.;ene-19;2019;Recuperados;3.161
Entel Peru S.A.;ene-19;2019;Perdidos;1.478
Flash Servicios Peru S.R.L.;ene-19;2019;Perdidos;1
Flash Servicios Peru S.R.L.;ene-19;2019;Sustraídos;4
Telefonica del Peru S.A.A.;ene-19;2019;Recuperados;1.266
Telefonica del Peru S.A.A.;ene-19;2019;Sustraídos;60.185
Telefonica del Peru S.A.A.;ene-19;2019;Perdidos;14.469
Viettel Peru S.A.C.;ene-19;2019;Perdidos;4.161
Viettel Peru S.A.C.;ene-19;2019;Sustraídos;16.987
Viettel Peru S.A.C.;ene-19;2019;Recuperados;911
America Movil Peru S.A.C.;feb-19;2019;Recuperados;2.462
America Movil Peru S.A.C.;feb-19;2019;Perdidos;16.367
America Movil Peru S.A.C.;feb-19;2019;Sustraídos;51.213
Entel Peru S.A.;feb-19;2019;Recuperados;3.105
Entel Peru S.A.;feb-19;2019;Sustraídos;51.925
Entel Peru S.A.;feb-19;2019;Perdidos;1.495
Flash Servicios Peru S.R.L.;feb-19;2019;Sustraídos;5
Telefonica del Peru S.A.A.;feb-19;2019;Perdidos;12.273
Telefonica del Peru S.A.A.;feb-19;2019;Sustraídos;58.187
Telefonica del Peru S.A.A.;feb-19;2019;Recuperados;1.165
Viettel Peru S.A.C.;feb-19;2019;Perdidos;3.782
Viettel Peru S.A.C.;feb-19;2019;Recuperados;759
Viettel Peru S.A.C.;feb-19;2019;Sustraídos;15.627
America Movil Peru S.A.C.;mar-19;2019;Sustraídos;57.351
America Movil Peru S.A.C.;mar-19;2019;Perdidos;18.519
America Movil Peru S.A.C.;mar-19;2019;Recuperados;3.006
Entel Peru S.A.;mar-19;2019;Recuperados;4.880
Entel Peru S.A.;mar-19;2019;Perdidos;1.603
Entel Peru S.A.;mar-19;2019;Sustraídos;54.720
Flash Servicios Peru S.R.L.;mar-19;2019;Sustraídos;3
Telefonica del Peru S.A.A.;mar-19;2019;Sustraídos;62.225
Telefonica del Peru S.A.A.;mar-19;2019;Perdidos;14.019
Telefonica del Peru S.A.A.;mar-19;2019;Recuperados;1.395
Viettel Peru S.A.C.;mar-19;2019;Recuperados;912
Viettel Peru S.A.C.;mar-19;2019;Sustraídos;17.757
Viettel Peru S.A.C.;mar-19;2019;Perdidos;4.140
America Movil Peru S.A.C.;abr-19;2019;Sustraídos;54.058
America Movil Peru S.A.C.;abr-19;2019;Recuperados;2.730
America Movil Peru S.A.C.;abr-19;2019;Perdidos;17.191
Entel Peru S.A.;abr-19;2019;Recuperados;5.867
Entel Peru S.A.;abr-19;2019;Sustraídos;56.231
Entel Peru S.A.;abr-19;2019;Perdidos;1.521
Flash Servicios Peru S.R.L.;abr-19;2019;Sustraídos;4
Telefonica del Peru S.A.A.;abr-19;2019;Sustraídos;61.087
Telefonica del Peru S.A.A.;abr-19;2019;Perdidos;14.332
Telefonica del Peru S.A.A.;abr-19;2019;Recuperados;2.137
Viettel Peru S.A.C.;abr-19;2019;Recuperados;950
Viettel Peru S.A.C.;abr-19;2019;Perdidos;3.786
Viettel Peru S.A.C.;abr-19;2019;Sustraídos;17.503
America Movil Peru S.A.C.;may-19;2019;Sustraídos;55.434
America Movil Peru S.A.C.;may-19;2019;Recuperados;3.032
America Movil Peru S.A.C.;may-19;2019;Perdidos;17.024
Entel Peru S.A.;may-19;2019;Perdidos;1.171
Entel Peru S.A.;may-19;2019;Recuperados;2.861
Entel Peru S.A.;may-19;2019;Sustraídos;56.023
Flash Servicios Peru S.R.L.;may-19;2019;Sustraídos;2
Flash Servicios Peru S.R.L.;may-19;2019;Perdidos;3
Telefonica del Peru S.A.A.;may-19;2019;Sustraídos;78.366
Telefonica del Peru S.A.A.;may-19;2019;Recuperados;2.796
Telefonica del Peru S.A.A.;may-19;2019;Perdidos;14.464
Viettel Peru S.A.C.;may-19;2019;Perdidos;3.988
Viettel Peru S.A.C.;may-19;2019;Sustraídos;18.428
Viettel Peru S.A.C.;may-19;2019;Recuperados;955
America Movil Peru S.A.C.;jun-19;2019;Sustraídos;50.706
America Movil Peru S.A.C.;jun-19;2019;Recuperados;2.727
America Movil Peru S.A.C.;jun-19;2019;Perdidos;16.430
Entel Peru S.A.;jun-19;2019;Sustraídos;47.836
Entel Peru S.A.;jun-19;2019;Recuperados;1.483
Entel Peru S.A.;jun-19;2019;Perdidos;2.941
Flash Servicios Peru S.R.L.;jun-19;2019;Sustraídos;3
Telefonica del Peru S.A.A.;jun-19;2019;Recuperados;3.237
Telefonica del Peru S.A.A.;jun-19;2019;Sustraídos;78.472
Telefonica del Peru S.A.A.;jun-19;2019;Perdidos;14.340
Viettel Peru S.A.C.;jun-19;2019;Sustraídos;17.340
Viettel Peru S.A.C.;jun-19;2019;Perdidos;3.709
Viettel Peru S.A.C.;jun-19;2019;Recuperados;776
America Movil Peru S.A.C.;jul-19;2019;Recuperados;2.957
America Movil Peru S.A.C.;jul-19;2019;Perdidos;17.561
America Movil Peru S.A.C.;jul-19;2019;Sustraídos;51.380
Entel Peru S.A.;jul-19;2019;Perdidos;4.498
Entel Peru S.A.;jul-19;2019;Recuperados;1.208
Entel Peru S.A.;jul-19;2019;Sustraídos;42.479
Flash Servicios Peru S.R.L.;jul-19;2019;Perdidos;1
Flash Servicios Peru S.R.L.;jul-19;2019;Sustraídos;1
Telefonica del Peru S.A.A.;jul-19;2019;Sustraídos;59.559
Telefonica del Peru S.A.A.;jul-19;2019;Recuperados;2.956
Telefonica del Peru S.A.A.;jul-19;2019;Perdidos;13.230
Viettel Peru S.A.C.;jul-19;2019;Perdidos;3.822
Viettel Peru S.A.C.;jul-19;2019;Sustraídos;16.858
Viettel Peru S.A.C.;jul-19;2019;Recuperados;785
America Movil Peru S.A.C.;ago-19;2019;Recuperados;2.939
America Movil Peru S.A.C.;ago-19;2019;Sustraídos;53.222
America Movil Peru S.A.C.;ago-19;2019;Perdidos;18.016
Entel Peru S.A.;ago-19;2019;Recuperados;1.915
Entel Peru S.A.;ago-19;2019;Sustraídos;40.275
Entel Peru S.A.;ago-19;2019;Perdidos;4.181
Telefonica del Peru S.A.A.;ago-19;2019;Perdidos;12.663
Telefonica del Peru S.A.A.;ago-19;2019;Sustraídos;57.457
Telefonica del Peru S.A.A.;ago-19;2019;Recuperados;2.945
Viettel Peru S.A.C.;ago-19;2019;Perdidos;3.555
Viettel Peru S.A.C.;ago-19;2019;Recuperados;834
Viettel Peru S.A.C.;ago-19;2019;Sustraídos;16.046
America Movil Peru S.A.C.;sep-19;2019;Recuperados;2.914
America Movil Peru S.A.C.;sep-19;2019;Sustraídos;51.475
America Movil Peru S.A.C.;sep-19;2019;Perdidos;16.934
Entel Peru S.A.;sep-19;2019;Sustraídos;42.949
Entel Peru S.A.;sep-19;2019;Perdidos;4.407
Entel Peru S.A.;sep-19;2019;Recuperados;1.708
Flash Servicios Peru S.R.L.;sep-19;2019;Perdidos;2
Telefonica del Peru S.A.A.;sep-19;2019;Recuperados;2.745
Telefonica del Peru S.A.A.;sep-19;2019;Sustraídos;51.172
Telefonica del Peru S.A.A.;sep-19;2019;Perdidos;10.456
Viettel Peru S.A.C.;sep-19;2019;Sustraídos;16.905
Viettel Peru S.A.C.;sep-19;2019;Recuperados;816
Viettel Peru S.A.C.;sep-19;2019;Perdidos;3.821
America Movil Peru S.A.C.;oct-19;2019;Perdidos;16.932
America Movil Peru S.A.C.;oct-19;2019;Recuperados;3.048
America Movil Peru S.A.C.;oct-19;2019;Sustraídos;54.703
Entel Peru S.A.;oct-19;2019;Sustraídos;45.544
Entel Peru S.A.;oct-19;2019;Recuperados;2.074
Entel Peru S.A.;oct-19;2019;Perdidos;5.155
Flash Servicios Peru S.R.L.;oct-19;2019;Sustraídos;3
Flash Servicios Peru S.R.L.;oct-19;2019;Perdidos;1
Guinea Mobile S.A.C;oct-19;2019;Sustraídos;3
Telefonica del Peru S.A.A.;oct-19;2019;Perdidos;11.192
Telefonica del Peru S.A.A.;oct-19;2019;Sustraídos;58.554
Telefonica del Peru S.A.A.;oct-19;2019;Recuperados;3.163
Viettel Peru S.A.C.;oct-19;2019;Perdidos;3.943
Viettel Peru S.A.C.;oct-19;2019;Recuperados;918
Viettel Peru S.A.C.;oct-19;2019;Sustraídos;18.847
America Movil Peru S.A.C.;nov-19;2019;Perdidos;16.026
America Movil Peru S.A.C.;nov-19;2019;Sustraídos;54.363
America Movil Peru S.A.C.;nov-19;2019;Recuperados;2.904
Entel Peru S.A.;nov-19;2019;Perdidos;5.310
Entel Peru S.A.;nov-19;2019;Sustraídos;45.257
Entel Peru S.A.;nov-19;2019;Recuperados;1.989
Guinea Mobile S.A.C;nov-19;2019;Perdidos;2
Guinea Mobile S.A.C;nov-19;2019;Sustraídos;5
Telefonica del Peru S.A.A.;nov-19;2019;Sustraídos;59.120
Telefonica del Peru S.A.A.;nov-19;2019;Recuperados;3.447
Telefonica del Peru S.A.A.;nov-19;2019;Perdidos;10.649
Viettel Peru S.A.C.;nov-19;2019;Recuperados;907
Viettel Peru S.A.C.;nov-19;2019;Perdidos;3.590
Viettel Peru S.A.C.;nov-19;2019;Sustraídos;18.490
America Movil Peru S.A.C.;dic-19;2019;Recuperados;2.940
America Movil Peru S.A.C.;dic-19;2019;Sustraídos;56.265
America Movil Peru S.A.C.;dic-19;2019;Perdidos;17.630
Entel Peru S.A.;dic-19;2019;Sustraídos;44.381
Entel Peru S.A.;dic-19;2019;Perdidos;5.239
Entel Peru S.A.;dic-19;2019;Recuperados;2.359
Guinea Mobile S.A.C;dic-19;2019;Perdidos;1
Guinea Mobile S.A.C;dic-19;2019;Sustraídos;6
Telefonica del Peru S.A.A.;dic-19;2019;Sustraídos;62.094
Telefonica del Peru S.A.A.;dic-19;2019;Perdidos;10.661
Telefonica del Peru S.A.A.;dic-19;2019;Recuperados;3.842
Viettel Peru S.A.C.;dic-19;2019;Perdidos;3.991
Viettel Peru S.A.C.;dic-19;2019;Recuperados;1.015
Viettel Peru S.A.C.;dic-19;2019;Sustraídos;19.326
America Movil Peru S.A.C.;ene-20;2020;Sustraídos;50.718
America Movil Peru S.A.C.;ene-20;2020;Perdidos;16.834
America Movil Peru S.A.C.;ene-20;2020;Recuperados;3.122
Entel Peru S.A.;ene-20;2020;Sustraídos;40.776
Entel Peru S.A.;ene-20;2020;Perdidos;6.185
Entel Peru S.A.;ene-20;2020;Recuperados;2.790
Guinea Mobile S.A.C;ene-20;2020;Perdidos;3
Guinea Mobile S.A.C;ene-20;2020;Sustraídos;5
Guinea Mobile S.A.C;ene-20;2020;Recuperados;1
Telefonica del Peru S.A.A.;ene-20;2020;Recuperados;3.636
Telefonica del Peru S.A.A.;ene-20;2020;Perdidos;9.979
Telefonica del Peru S.A.A.;ene-20;2020;Sustraídos;53.202
Viettel Peru S.A.C.;ene-20;2020;Recuperados;961
Viettel Peru S.A.C.;ene-20;2020;Perdidos;3.625
Viettel Peru S.A.C.;ene-20;2020;Sustraídos;17.223
America Movil Peru S.A.C.;feb-20;2020;Perdidos;9.264
America Movil Peru S.A.C.;feb-20;2020;Recuperados;2.691
America Movil Peru S.A.C.;feb-20;2020;Sustraídos;56.491
Entel Peru S.A.;feb-20;2020;Recuperados;2.134
Entel Peru S.A.;feb-20;2020;Perdidos;6.476
Entel Peru S.A.;feb-20;2020;Sustraídos;35.454
Guinea Mobile S.A.C;feb-20;2020;Sustraídos;8
Guinea Mobile S.A.C;feb-20;2020;Perdidos;1
Telefonica del Peru S.A.A.;feb-20;2020;Perdidos;9.487
Telefonica del Peru S.A.A.;feb-20;2020;Recuperados;3.468
Telefonica del Peru S.A.A.;feb-20;2020;Sustraídos;49.749
Viettel Peru S.A.C.;feb-20;2020;Perdidos;3.673
Viettel Peru S.A.C.;feb-20;2020;Sustraídos;16.651
Viettel Peru S.A.C.;feb-20;2020;Recuperados;937
America Movil Peru S.A.C.;mar-20;2020;Recuperados;1.396
America Movil Peru S.A.C.;mar-20;2020;Sustraídos;38.245
America Movil Peru S.A.C.;mar-20;2020;Perdidos;1.977
Entel Peru S.A.;mar-20;2020;Sustraídos;20.077
Entel Peru S.A.;mar-20;2020;Recuperados;975
Entel Peru S.A.;mar-20;2020;Perdidos;4.341
Guinea Mobile S.A.C;mar-20;2020;Perdidos;1
Guinea Mobile S.A.C;mar-20;2020;Sustraídos;4
Telefonica del Peru S.A.A.;mar-20;2020;Perdidos;5.095
Telefonica del Peru S.A.A.;mar-20;2020;Recuperados;1.738
Telefonica del Peru S.A.A.;mar-20;2020;Sustraídos;27.032
Viettel Peru S.A.C.;mar-20;2020;Recuperados;452
Viettel Peru S.A.C.;mar-20;2020;Perdidos;2.535
Viettel Peru S.A.C.;mar-20;2020;Sustraídos;9.511
America Movil Peru S.A.C.;abr-20;2020;Sustraídos;13.270
America Movil Peru S.A.C.;abr-20;2020;Perdidos;1.073
America Movil Peru S.A.C.;abr-20;2020;Recuperados;21
Entel Peru S.A.;abr-20;2020;Sustraídos;5.415
Entel Peru S.A.;abr-20;2020;Perdidos;2.272
Entel Peru S.A.;abr-20;2020;Recuperados;38
Guinea Mobile S.A.C;abr-20;2020;Sustraídos;1
Telefonica del Peru S.A.A.;abr-20;2020;Sustraídos;8.437
Telefonica del Peru S.A.A.;abr-20;2020;Recuperados;62
Telefonica del Peru S.A.A.;abr-20;2020;Perdidos;2.474
Viettel Peru S.A.C.;abr-20;2020;Recuperados;39
Viettel Peru S.A.C.;abr-20;2020;Perdidos;1.334
Viettel Peru S.A.C.;abr-20;2020;Sustraídos;2.564
America Movil Peru S.A.C.;may-20;2020;Sustraídos;18.676
America Movil Peru S.A.C.;may-20;2020;Perdidos;1.559
America Movil Peru S.A.C.;may-20;2020;Recuperados;45
Entel Peru S.A.;may-20;2020;Sustraídos;8.752
Entel Peru S.A.;may-20;2020;Recuperados;81
Entel Peru S.A.;may-20;2020;Perdidos;3.967
Guinea Mobile S.A.C;may-20;2020;Perdidos;2
Guinea Mobile S.A.C;may-20;2020;Sustraídos;2
Telefonica del Peru S.A.A.;may-20;2020;Perdidos;3.857
Telefonica del Peru S.A.A.;may-20;2020;Sustraídos;14.269
Telefonica del Peru S.A.A.;may-20;2020;Recuperados;59
Viettel Peru S.A.C.;may-20;2020;Perdidos;996
Viettel Peru S.A.C.;may-20;2020;Recuperados;33
Viettel Peru S.A.C.;may-20;2020;Sustraídos;3.001
America Movil Peru S.A.C.;jun-20;2020;Recuperados;220
America Movil Peru S.A.C.;jun-20;2020;Perdidos;1.917
America Movil Peru S.A.C.;jun-20;2020;Sustraídos;24.461
Entel Peru S.A.;jun-20;2020;Perdidos;5.214
Entel Peru S.A.;jun-20;2020;Recuperados;186
Entel Peru S.A.;jun-20;2020;Sustraídos;14.206
Guinea Mobile S.A.C;jun-20;2020;Perdidos;1
Guinea Mobile S.A.C;jun-20;2020;Sustraídos;3
Telefonica del Peru S.A.A.;jun-20;2020;Perdidos;3.721
Telefonica del Peru S.A.A.;jun-20;2020;Sustraídos;17.060
Telefonica del Peru S.A.A.;jun-20;2020;Recuperados;217
Viettel Peru S.A.C.;jun-20;2020;Recuperados;22
Viettel Peru S.A.C.;jun-20;2020;Sustraídos;3.100
Viettel Peru S.A.C.;jun-20;2020;Perdidos;1.146
America Movil Peru S.A.C.;jul-20;2020;Perdidos;2.012
America Movil Peru S.A.C.;jul-20;2020;Sustraídos;29.751
America Movil Peru S.A.C.;jul-20;2020;Recuperados;2.253
Entel Peru S.A.;jul-20;2020;Sustraídos;17.016
Entel Peru S.A.;jul-20;2020;Perdidos;4.740
Entel Peru S.A.;jul-20;2020;Recuperados;992
Flash Servicios Peru S.R.L.;jul-20;2020;Sustraídos;1
Guinea Mobile S.A.C;jul-20;2020;Perdidos;1
Guinea Mobile S.A.C;jul-20;2020;Sustraídos;4
Telefonica del Peru S.A.A.;jul-20;2020;Perdidos;4.481
Telefonica del Peru S.A.A.;jul-20;2020;Recuperados;1.726
Telefonica del Peru S.A.A.;jul-20;2020;Sustraídos;21.384
Viettel Peru S.A.C.;jul-20;2020;Sustraídos;4.860
Viettel Peru S.A.C.;jul-20;2020;Recuperados;443
Viettel Peru S.A.C.;jul-20;2020;Perdidos;1.213
America Movil Peru S.A.C.;ago-20;2020;Sustraídos;32.334
America Movil Peru S.A.C.;ago-20;2020;Recuperados;2.000
America Movil Peru S.A.C.;ago-20;2020;Perdidos;2.256
Entel Peru S.A.;ago-20;2020;Perdidos;5.134
Entel Peru S.A.;ago-20;2020;Recuperados;1.289
Entel Peru S.A.;ago-20;2020;Sustraídos;19.025
Flash Servicios Peru S.R.L.;ago-20;2020;Perdidos;1
Flash Servicios Peru S.R.L.;ago-20;2020;Sustraídos;10
Flash Servicios Peru S.R.L.;ago-20;2020;Recuperados;3
Guinea Mobile S.A.C;ago-20;2020;Sustraídos;7
Guinea Mobile S.A.C;ago-20;2020;Perdidos;2
Telefonica del Peru S.A.A.;ago-20;2020;Recuperados;1.582
Telefonica del Peru S.A.A.;ago-20;2020;Perdidos;4.754
Telefonica del Peru S.A.A.;ago-20;2020;Sustraídos;23.518
Viettel Peru S.A.C.;ago-20;2020;Recuperados;415
Viettel Peru S.A.C.;ago-20;2020;Sustraídos;6.652
Viettel Peru S.A.C.;ago-20;2020;Perdidos;1.607
America Movil Peru S.A.C.;sep-20;2020;Sustraídos;32.961
America Movil Peru S.A.C.;sep-20;2020;Recuperados;1.887
America Movil Peru S.A.C.;sep-20;2020;Perdidos;2.360
Entel Peru S.A.;sep-20;2020;Perdidos;4.157
Entel Peru S.A.;sep-20;2020;Recuperados;1.274
Entel Peru S.A.;sep-20;2020;Sustraídos;20.268
Flash Servicios Peru S.R.L.;sep-20;2020;Sustraídos;199
Flash Servicios Peru S.R.L.;sep-20;2020;Perdidos;13
Guinea Mobile S.A.C;sep-20;2020;Sustraídos;3
Guinea Mobile S.A.C;sep-20;2020;Recuperados;1
Telefonica del Peru S.A.A.;sep-20;2020;Sustraídos;23.535
Telefonica del Peru S.A.A.;sep-20;2020;Recuperados;1.537
Telefonica del Peru S.A.A.;sep-20;2020;Perdidos;3.850
Viettel Peru S.A.C.;sep-20;2020;Recuperados;723
Viettel Peru S.A.C.;sep-20;2020;Sustraídos;8.386
Viettel Peru S.A.C.;sep-20;2020;Perdidos;2.171
America Movil Peru S.A.C.;oct-20;2020;Recuperados;2.039
America Movil Peru S.A.C.;oct-20;2020;Perdidos;2.939
America Movil Peru S.A.C.;oct-20;2020;Sustraídos;35.061
Entel Peru S.A.;oct-20;2020;Perdidos;4.582
Entel Peru S.A.;oct-20;2020;Recuperados;1.515
Entel Peru S.A.;oct-20;2020;Sustraídos;23.188
Flash Servicios Peru S.R.L.;oct-20;2020;Perdidos;23
Flash Servicios Peru S.R.L.;oct-20;2020;Recuperados;9
Flash Servicios Peru S.R.L.;oct-20;2020;Sustraídos;356
Guinea Mobile S.A.C;oct-20;2020;Perdidos;1
Guinea Mobile S.A.C;oct-20;2020;Sustraídos;12
Telefonica del Peru S.A.A.;oct-20;2020;Perdidos;3.858
Telefonica del Peru S.A.A.;oct-20;2020;Recuperados;1.435
Telefonica del Peru S.A.A.;oct-20;2020;Sustraídos;25.655
Viettel Peru S.A.C.;oct-20;2020;Recuperados;1.090
Viettel Peru S.A.C.;oct-20;2020;Sustraídos;9.837
Viettel Peru S.A.C.;oct-20;2020;Perdidos;2.474
America Movil Peru S.A.C.;nov-20;2020;Recuperados;2.001
America Movil Peru S.A.C.;nov-20;2020;Sustraídos;28.926
America Movil Peru S.A.C.;nov-20;2020;Perdidos;6.776
Entel Peru S.A.;nov-20;2020;Sustraídos;22.275
Entel Peru S.A.;nov-20;2020;Recuperados;1.343
Entel Peru S.A.;nov-20;2020;Perdidos;4.602
Flash Servicios Peru S.R.L.;nov-20;2020;Recuperados;1
Flash Servicios Peru S.R.L.;nov-20;2020;Sustraídos;319
Flash Servicios Peru S.R.L.;nov-20;2020;Perdidos;2
Guinea Mobile S.A.C;nov-20;2020;Perdidos;7
Guinea Mobile S.A.C;nov-20;2020;Sustraídos;10
Telefonica del Peru S.A.A.;nov-20;2020;Recuperados;1.367
Telefonica del Peru S.A.A.;nov-20;2020;Perdidos;4.211
Telefonica del Peru S.A.A.;nov-20;2020;Sustraídos;26.041
Viettel Peru S.A.C.;nov-20;2020;Perdidos;2.594
Viettel Peru S.A.C.;nov-20;2020;Recuperados;1.050
Viettel Peru S.A.C.;nov-20;2020;Sustraídos;11.005
America Movil Peru S.A.C.;dic-20;2020;Perdidos;7.219
America Movil Peru S.A.C.;dic-20;2020;Sustraídos;32.918
America Movil Peru S.A.C.;dic-20;2020;Recuperados;1.901
Entel Peru S.A.;dic-20;2020;Sustraídos;25.195
Entel Peru S.A.;dic-20;2020;Perdidos;4.532
Entel Peru S.A.;dic-20;2020;Recuperados;1.358
Flash Servicios Peru S.R.L.;dic-20;2020;Sustraídos;378
Flash Servicios Peru S.R.L.;dic-20;2020;Recuperados;14
Flash Servicios Peru S.R.L.;dic-20;2020;Perdidos;8
Guinea Mobile S.A.C;dic-20;2020;Sustraídos;23
Guinea Mobile S.A.C;dic-20;2020;Perdidos;4
Telefonica del Peru S.A.A.;dic-20;2020;Perdidos;4.510
Telefonica del Peru S.A.A.;dic-20;2020;Recuperados;1.411
Telefonica del Peru S.A.A.;dic-20;2020;Sustraídos;30.549
Viettel Peru S.A.C.;dic-20;2020;Perdidos;3.466
Viettel Peru S.A.C.;dic-20;2020;Sustraídos;13.697
Viettel Peru S.A.C.;dic-20;2020;Recuperados;1.136
America Movil Peru S.A.C.;ene-21;2021;Sustraídos;31.290
America Movil Peru S.A.C.;ene-21;2021;Recuperados;1.910
America Movil Peru S.A.C.;ene-21;2021;Perdidos;6.559
Entel Peru S.A.;ene-21;2021;Perdidos;4.401
Entel Peru S.A.;ene-21;2021;Sustraídos;23.894
Entel Peru S.A.;ene-21;2021;Recuperados;1.437
Flash Servicios Peru S.R.L.;ene-21;2021;Perdidos;32
Flash Servicios Peru S.R.L.;ene-21;2021;Recuperados;13
Flash Servicios Peru S.R.L.;ene-21;2021;Sustraídos;308
Guinea Mobile S.A.C;ene-21;2021;Perdidos;4
Guinea Mobile S.A.C;ene-21;2021;Sustraídos;15
Telefonica del Peru S.A.A.;ene-21;2021;Recuperados;1.466
Telefonica del Peru S.A.A.;ene-21;2021;Sustraídos;27.895
Telefonica del Peru S.A.A.;ene-21;2021;Perdidos;4.421
Viettel Peru S.A.C.;ene-21;2021;Perdidos;3.325
Viettel Peru S.A.C.;ene-21;2021;Recuperados;1.007
Viettel Peru S.A.C.;ene-21;2021;Sustraídos;12.566
America Movil Peru S.A.C.;feb-21;2021;Sustraídos;26.030
America Movil Peru S.A.C.;feb-21;2021;Recuperados;644
America Movil Peru S.A.C.;feb-21;2021;Perdidos;5.578
Entel Peru S.A.;feb-21;2021;Perdidos;3.565
Entel Peru S.A.;feb-21;2021;Sustraídos;19.883
Entel Peru S.A.;feb-21;2021;Recuperados;536
Flash Servicios Peru S.R.L.;feb-21;2021;Perdidos;12
Flash Servicios Peru S.R.L.;feb-21;2021;Recuperados;10
Flash Servicios Peru S.R.L.;feb-21;2021;Sustraídos;320
Guinea Mobile S.A.C;feb-21;2021;Perdidos;7
Guinea Mobile S.A.C;feb-21;2021;Sustraídos;42
Telefonica del Peru S.A.A.;feb-21;2021;Sustraídos;22.553
Telefonica del Peru S.A.A.;feb-21;2021;Recuperados;612
Telefonica del Peru S.A.A.;feb-21;2021;Perdidos;3.364
Viettel Peru S.A.C.;feb-21;2021;Recuperados;299
Viettel Peru S.A.C.;feb-21;2021;Sustraídos;9.439
Viettel Peru S.A.C.;feb-21;2021;Perdidos;2.745
America Movil Peru S.A.C.;mar-21;2021;Perdidos;6.227
America Movil Peru S.A.C.;mar-21;2021;Sustraídos;31.645
America Movil Peru S.A.C.;mar-21;2021;Recuperados;2.419
Entel Peru S.A.;mar-21;2021;Perdidos;3.957
Entel Peru S.A.;mar-21;2021;Recuperados;1.890
Entel Peru S.A.;mar-21;2021;Sustraídos;28.168
Flash Servicios Peru S.R.L.;mar-21;2021;Sustraídos;239
Flash Servicios Peru S.R.L.;mar-21;2021;Perdidos;48
Flash Servicios Peru S.R.L.;mar-21;2021;Recuperados;14
Guinea Mobile S.A.C;mar-21;2021;Sustraídos;78
Guinea Mobile S.A.C;mar-21;2021;Perdidos;28
Telefonica del Peru S.A.A.;mar-21;2021;Sustraídos;28.231
Telefonica del Peru S.A.A.;mar-21;2021;Perdidos;3.666
Telefonica del Peru S.A.A.;mar-21;2021;Recuperados;2.333
Viettel Peru S.A.C.;mar-21;2021;Sustraídos;11.865
Viettel Peru S.A.C.;mar-21;2021;Recuperados;900
Viettel Peru S.A.C.;mar-21;2021;Perdidos;2.661
America Movil Peru S.A.C.;abr-21;2021;Recuperados;1.532
America Movil Peru S.A.C.;abr-21;2021;Sustraídos;28.438
America Movil Peru S.A.C.;abr-21;2021;Perdidos;5.519
Entel Peru S.A.;abr-21;2021;Recuperados;1.394
Entel Peru S.A.;abr-21;2021;Sustraídos;26.005
Entel Peru S.A.;abr-21;2021;Perdidos;4.185
Flash Servicios Peru S.R.L.;abr-21;2021;Perdidos;75
Flash Servicios Peru S.R.L.;abr-21;2021;Recuperados;11
Flash Servicios Peru S.R.L.;abr-21;2021;Sustraídos;160
Guinea Mobile S.A.C;abr-21;2021;Sustraídos;77
Guinea Mobile S.A.C;abr-21;2021;Recuperados;1
Guinea Mobile S.A.C;abr-21;2021;Perdidos;27
Telefonica del Peru S.A.A.;abr-21;2021;Sustraídos;24.916
Telefonica del Peru S.A.A.;abr-21;2021;Perdidos;3.020
Telefonica del Peru S.A.A.;abr-21;2021;Recuperados;1.177
Viettel Peru S.A.C.;abr-21;2021;Sustraídos;11.620
Viettel Peru S.A.C.;abr-21;2021;Perdidos;2.785
Viettel Peru S.A.C.;abr-21;2021;Recuperados;759
America Movil Peru S.A.C.;may-21;2021;Recuperados;1.826
America Movil Peru S.A.C.;may-21;2021;Perdidos;7.042
America Movil Peru S.A.C.;may-21;2021;Sustraídos;35.763
Entel Peru S.A.;may-21;2021;Recuperados;1.370
Entel Peru S.A.;may-21;2021;Perdidos;5.147
Entel Peru S.A.;may-21;2021;Sustraídos;28.609
Flash Servicios Peru S.R.L.;may-21;2021;Perdidos;60
Flash Servicios Peru S.R.L.;may-21;2021;Sustraídos;271
Flash Servicios Peru S.R.L.;may-21;2021;Recuperados;11
Guinea Mobile S.A.C;may-21;2021;Recuperados;1
Guinea Mobile S.A.C;may-21;2021;Sustraídos;75
Guinea Mobile S.A.C;may-21;2021;Perdidos;31
Telefonica del Peru S.A.A.;may-21;2021;Sustraídos;30.077
Telefonica del Peru S.A.A.;may-21;2021;Perdidos;3.667
Telefonica del Peru S.A.A.;may-21;2021;Recuperados;1.405
Viettel Peru S.A.C.;may-21;2021;Recuperados;809
Viettel Peru S.A.C.;may-21;2021;Perdidos;3.070
Viettel Peru S.A.C.;may-21;2021;Sustraídos;13.249
America Movil Peru S.A.C.;jun-21;2021;Perdidos;6.999
America Movil Peru S.A.C.;jun-21;2021;Recuperados;1.944
America Movil Peru S.A.C.;jun-21;2021;Sustraídos;36.284
Entel Peru S.A.;jun-21;2021;Sustraídos;29.586
Entel Peru S.A.;jun-21;2021;Recuperados;1.360
Entel Peru S.A.;jun-21;2021;Perdidos;5.342
Flash Servicios Peru S.R.L.;jun-21;2021;Perdidos;47
Flash Servicios Peru S.R.L.;jun-21;2021;Sustraídos;196
Flash Servicios Peru S.R.L.;jun-21;2021;Recuperados;10
Guinea Mobile S.A.C;jun-21;2021;Sustraídos;63
Guinea Mobile S.A.C;jun-21;2021;Perdidos;31
Guinea Mobile S.A.C;jun-21;2021;Recuperados;1
Telefonica del Peru S.A.A.;jun-21;2021;Perdidos;3.524
Telefonica del Peru S.A.A.;jun-21;2021;Sustraídos;28.124
Telefonica del Peru S.A.A.;jun-21;2021;Recuperados;1.517
Viettel Peru S.A.C.;jun-21;2021;Perdidos;3.177
Viettel Peru S.A.C.;jun-21;2021;Sustraídos;13.077
Viettel Peru S.A.C.;jun-21;2021;Recuperados;782
America Movil Peru S.A.C.;jul-21;2021;Perdidos;7.665
America Movil Peru S.A.C.;jul-21;2021;Recuperados;1.953
America Movil Peru S.A.C.;jul-21;2021;Sustraídos;38.118
Entel Peru S.A.;jul-21;2021;Perdidos;6.170
Entel Peru S.A.;jul-21;2021;Sustraídos;32.004
Entel Peru S.A.;jul-21;2021;Recuperados;1.417
Flash Servicios Peru S.R.L.;jul-21;2021;Sustraídos;174
Flash Servicios Peru S.R.L.;jul-21;2021;Perdidos;84
Flash Servicios Peru S.R.L.;jul-21;2021;Recuperados;10
Guinea Mobile S.A.C;jul-21;2021;Perdidos;56
Guinea Mobile S.A.C;jul-21;2021;Sustraídos;93
Telefonica del Peru S.A.A.;jul-21;2021;Perdidos;3.890
Telefonica del Peru S.A.A.;jul-21;2021;Recuperados;1.566
Telefonica del Peru S.A.A.;jul-21;2021;Sustraídos;30.077
Viettel Peru S.A.C.;jul-21;2021;Recuperados;915
Viettel Peru S.A.C.;jul-21;2021;Perdidos;3.508
Viettel Peru S.A.C.;jul-21;2021;Sustraídos;13.791
America Movil Peru S.A.C.;ago-21;2021;Sustraídos;40.845
America Movil Peru S.A.C.;ago-21;2021;Perdidos;8.310
America Movil Peru S.A.C.;ago-21;2021;Recuperados;2.152
Entel Peru S.A.;ago-21;2021;Sustraídos;36.251
Entel Peru S.A.;ago-21;2021;Recuperados;1.657
Entel Peru S.A.;ago-21;2021;Perdidos;6.516
Flash Servicios Peru S.R.L.;ago-21;2021;Recuperados;19
Flash Servicios Peru S.R.L.;ago-21;2021;Sustraídos;198
Flash Servicios Peru S.R.L.;ago-21;2021;Perdidos;64
Guinea Mobile S.A.C;ago-21;2021;Perdidos;53
Guinea Mobile S.A.C;ago-21;2021;Sustraídos;100
Telefonica del Peru S.A.A.;ago-21;2021;Sustraídos;30.585
Telefonica del Peru S.A.A.;ago-21;2021;Perdidos;4.173
Telefonica del Peru S.A.A.;ago-21;2021;Recuperados;1.747
Viettel Peru S.A.C.;ago-21;2021;Perdidos;3.901
Viettel Peru S.A.C.;ago-21;2021;Recuperados;1.076
Viettel Peru S.A.C.;ago-21;2021;Sustraídos;15.158
America Movil Peru S.A.C.;sep-21;2021;Sustraídos;38.997
America Movil Peru S.A.C.;sep-21;2021;Recuperados;874
America Movil Peru S.A.C.;sep-21;2021;Perdidos;7.546
Entel Peru S.A.;sep-21;2021;Sustraídos;33.760
Entel Peru S.A.;sep-21;2021;Recuperados;1.632
Entel Peru S.A.;sep-21;2021;Perdidos;4.718
Flash Servicios Peru S.R.L.;sep-21;2021;Sustraídos;179
Flash Servicios Peru S.R.L.;sep-21;2021;Recuperados;43
Flash Servicios Peru S.R.L.;sep-21;2021;Perdidos;35
Guinea Mobile S.A.C;sep-21;2021;Sustraídos;91
Guinea Mobile S.A.C;sep-21;2021;Perdidos;67
Telefonica del Peru S.A.A.;sep-21;2021;Recuperados;1.735
Telefonica del Peru S.A.A.;sep-21;2021;Perdidos;3.878
Telefonica del Peru S.A.A.;sep-21;2021;Sustraídos;30.811
Viettel Peru S.A.C.;sep-21;2021;Sustraídos;15.193
Viettel Peru S.A.C.;sep-21;2021;Perdidos;4.359
Viettel Peru S.A.C.;sep-21;2021;Recuperados;1.118
America Movil Peru S.A.C.;oct-21;2021;Perdidos;8.197
America Movil Peru S.A.C.;oct-21;2021;Recuperados;2.099
America Movil Peru S.A.C.;oct-21;2021;Sustraídos;43.310
Entel Peru S.A.;oct-21;2021;Sustraídos;36.086
Entel Peru S.A.;oct-21;2021;Recuperados;1.570
Entel Peru S.A.;oct-21;2021;Perdidos;4.622
Flash Servicios Peru S.R.L.;oct-21;2021;Sustraídos;178
Flash Servicios Peru S.R.L.;oct-21;2021;Perdidos;56
Flash Servicios Peru S.R.L.;oct-21;2021;Recuperados;4
Guinea Mobile S.A.C;oct-21;2021;Perdidos;64
Guinea Mobile S.A.C;oct-21;2021;Sustraídos;97
Telefonica del Peru S.A.A.;oct-21;2021;Perdidos;4.014
Telefonica del Peru S.A.A.;oct-21;2021;Sustraídos;35.016
Telefonica del Peru S.A.A.;oct-21;2021;Recuperados;1.673
Viettel Peru S.A.C.;oct-21;2021;Sustraídos;16.408
Viettel Peru S.A.C.;oct-21;2021;Perdidos;4.694
Viettel Peru S.A.C.;oct-21;2021;Recuperados;1.104
America Movil Peru S.A.C.;nov-21;2021;Sustraídos;45.582
America Movil Peru S.A.C.;nov-21;2021;Perdidos;8.339
America Movil Peru S.A.C.;nov-21;2021;Recuperados;2.225
Entel Peru S.A.;nov-21;2021;Sustraídos;36.902
Entel Peru S.A.;nov-21;2021;Perdidos;4.539
Entel Peru S.A.;nov-21;2021;Recuperados;1.697
Flash Servicios Peru S.R.L.;nov-21;2021;Recuperados;9
Flash Servicios Peru S.R.L.;nov-21;2021;Sustraídos;181
Flash Servicios Peru S.R.L.;nov-21;2021;Perdidos;55
Guinea Mobile S.A.C;nov-21;2021;Perdidos;69
Guinea Mobile S.A.C;nov-21;2021;Sustraídos;100
Telefonica del Peru S.A.A.;nov-21;2021;Recuperados;1.534
Telefonica del Peru S.A.A.;nov-21;2021;Sustraídos;35.040
Telefonica del Peru S.A.A.;nov-21;2021;Perdidos;4.012
Viettel Peru S.A.C.;nov-21;2021;Perdidos;4.688
Viettel Peru S.A.C.;nov-21;2021;Sustraídos;16.239
Viettel Peru S.A.C.;nov-21;2021;Recuperados;1.315
America Movil Peru S.A.C.;dic-21;2021;Perdidos;8.703
America Movil Peru S.A.C.;dic-21;2021;Recuperados;2.277
America Movil Peru S.A.C.;dic-21;2021;Sustraídos;50.802
Entel Peru S.A.;dic-21;2021;Sustraídos;40.652
Entel Peru S.A.;dic-21;2021;Perdidos;4.944
Entel Peru S.A.;dic-21;2021;Recuperados;1.693
Flash Servicios Peru S.R.L.;dic-21;2021;Recuperados;8
Flash Servicios Peru S.R.L.;dic-21;2021;Perdidos;36
Flash Servicios Peru S.R.L.;dic-21;2021;Sustraídos;206
Guinea Mobile S.A.C;dic-21;2021;Recuperados;1
Guinea Mobile S.A.C;dic-21;2021;Perdidos;50
Guinea Mobile S.A.C;dic-21;2021;Sustraídos;124
Telefonica del Peru S.A.A.;dic-21;2021;Perdidos;4.087
Telefonica del Peru S.A.A.;dic-21;2021;Recuperados;1.354
Telefonica del Peru S.A.A.;dic-21;2021;Sustraídos;36.857
Viettel Peru S.A.C.;dic-21;2021;Sustraídos;19.031
Viettel Peru S.A.C.;dic-21;2021;Perdidos;4.845
Viettel Peru S.A.C.;dic-21;2021;Recuperados;1.607
America Movil Peru S.A.C.;ene-22;2022;Sustraídos;44.418
America Movil Peru S.A.C.;ene-22;2022;Recuperados;2.282
America Movil Peru S.A.C.;ene-22;2022;Perdidos;7.947
Entel Peru S.A.;ene-22;2022;Perdidos;4.479
Entel Peru S.A.;ene-22;2022;Sustraídos;34.604
Entel Peru S.A.;ene-22;2022;Recuperados;1.615
Flash Servicios Peru S.R.L.;ene-22;2022;Sustraídos;147
Flash Servicios Peru S.R.L.;ene-22;2022;Recuperados;3
Flash Servicios Peru S.R.L.;ene-22;2022;Perdidos;40
Guinea Mobile S.A.C;ene-22;2022;Sustraídos;95
Guinea Mobile S.A.C;ene-22;2022;Perdidos;58
Guinea Mobile S.A.C;ene-22;2022;Recuperados;1
Telefonica del Peru S.A.A.;ene-22;2022;Perdidos;3.991
Telefonica del Peru S.A.A.;ene-22;2022;Recuperados;1.278
Telefonica del Peru S.A.A.;ene-22;2022;Sustraídos;33.639
Viettel Peru S.A.C.;ene-22;2022;Perdidos;4.383
Viettel Peru S.A.C.;ene-22;2022;Recuperados;1.507
Viettel Peru S.A.C.;ene-22;2022;Sustraídos;16.347
America Movil Peru S.A.C.;feb-22;2022;Recuperados;2.143
America Movil Peru S.A.C.;feb-22;2022;Perdidos;7.665
America Movil Peru S.A.C.;feb-22;2022;Sustraídos;43.404
Entel Peru S.A.;feb-22;2022;Recuperados;1.719
Entel Peru S.A.;feb-22;2022;Perdidos;4.483
Entel Peru S.A.;feb-22;2022;Sustraídos;35.313
Flash Servicios Peru S.R.L.;feb-22;2022;Sustraídos;131
Flash Servicios Peru S.R.L.;feb-22;2022;Perdidos;27
Flash Servicios Peru S.R.L.;feb-22;2022;Recuperados;6
Guinea Mobile S.A.C;feb-22;2022;Sustraídos;87
Guinea Mobile S.A.C;feb-22;2022;Recuperados;1
Guinea Mobile S.A.C;feb-22;2022;Perdidos;53
Telefonica del Peru S.A.A.;feb-22;2022;Perdidos;3.700
Telefonica del Peru S.A.A.;feb-22;2022;Recuperados;1.174
Telefonica del Peru S.A.A.;feb-22;2022;Sustraídos;27.269
Viettel Peru S.A.C.;feb-22;2022;Perdidos;3.977
Viettel Peru S.A.C.;feb-22;2022;Recuperados;1.763
Viettel Peru S.A.C.;feb-22;2022;Sustraídos;16.055
America Movil Peru S.A.C.;mar-22;2022;Sustraídos;47.821
America Movil Peru S.A.C.;mar-22;2022;Recuperados;2.385
America Movil Peru S.A.C.;mar-22;2022;Perdidos;8.830
Entel Peru S.A.;mar-22;2022;Sustraídos;39.511
Entel Peru S.A.;mar-22;2022;Perdidos;4.430
Entel Peru S.A.;mar-22;2022;Recuperados;1.950
Flash Servicios Peru S.R.L.;mar-22;2022;Sustraídos;155
Flash Servicios Peru S.R.L.;mar-22;2022;Recuperados;9
Flash Servicios Peru S.R.L.;mar-22;2022;Perdidos;50
Guinea Mobile S.A.C;mar-22;2022;Perdidos;81
Guinea Mobile S.A.C;mar-22;2022;Sustraídos;110
Telefonica del Peru S.A.A.;mar-22;2022;Sustraídos;35.034
Telefonica del Peru S.A.A.;mar-22;2022;Recuperados;1.540
Telefonica del Peru S.A.A.;mar-22;2022;Perdidos;4.457
Viettel Peru S.A.C.;mar-22;2022;Recuperados;1.742
Viettel Peru S.A.C.;mar-22;2022;Sustraídos;17.836
Viettel Peru S.A.C.;mar-22;2022;Perdidos;4.816
America Movil Peru S.A.C.;abr-22;2022;Perdidos;8.234
America Movil Peru S.A.C.;abr-22;2022;Recuperados;2.042
America Movil Peru S.A.C.;abr-22;2022;Sustraídos;45.610
Entel Peru S.A.;abr-22;2022;Sustraídos;37.299
Entel Peru S.A.;abr-22;2022;Perdidos;3.984
Entel Peru S.A.;abr-22;2022;Recuperados;1.675
Flash Servicios Peru S.R.L.;abr-22;2022;Recuperados;12
Flash Servicios Peru S.R.L.;abr-22;2022;Perdidos;54
Flash Servicios Peru S.R.L.;abr-22;2022;Sustraídos;125
Guinea Mobile S.A.C;abr-22;2022;Sustraídos;83
Guinea Mobile S.A.C;abr-22;2022;Recuperados;1
Guinea Mobile S.A.C;abr-22;2022;Perdidos;59
Telefonica del Peru S.A.A.;abr-22;2022;Recuperados;1.408
Telefonica del Peru S.A.A.;abr-22;2022;Sustraídos;32.426
Telefonica del Peru S.A.A.;abr-22;2022;Perdidos;4.087
Viettel Peru S.A.C.;abr-22;2022;Sustraídos;17.442
Viettel Peru S.A.C.;abr-22;2022;Recuperados;1.634
Viettel Peru S.A.C.;abr-22;2022;Perdidos;4.829
America Movil Peru S.A.C.;may-22;2022;Perdidos;9.704
America Movil Peru S.A.C.;may-22;2022;Recuperados;2.486
America Movil Peru S.A.C.;may-22;2022;Sustraídos;51.845
Entel Peru S.A.;may-22;2022;Recuperados;1.886
Entel Peru S.A.;may-22;2022;Perdidos;5.498
Entel Peru S.A.;may-22;2022;Sustraídos;42.236
Flash Servicios Peru S.R.L.;may-22;2022;Perdidos;52
Flash Servicios Peru S.R.L.;may-22;2022;Sustraídos;163
Flash Servicios Peru S.R.L.;may-22;2022;Recuperados;5
Guinea Mobile S.A.C;may-22;2022;Sustraídos;72
Guinea Mobile S.A.C;may-22;2022;Perdidos;65
Telefonica del Peru S.A.A.;may-22;2022;Perdidos;4.408
Telefonica del Peru S.A.A.;may-22;2022;Recuperados;1.663
Telefonica del Peru S.A.A.;may-22;2022;Sustraídos;37.009
Viettel Peru S.A.C.;may-22;2022;Recuperados;2.139
Viettel Peru S.A.C.;may-22;2022;Perdidos;5.639
Viettel Peru S.A.C.;may-22;2022;Sustraídos;20.206
America Movil Peru S.A.C.;jun-22;2022;Perdidos;9.536
America Movil Peru S.A.C.;jun-22;2022;Recuperados;2.290
America Movil Peru S.A.C.;jun-22;2022;Sustraídos;50.758
Entel Peru S.A.;jun-22;2022;Recuperados;1.571
Entel Peru S.A.;jun-22;2022;Sustraídos;38.884
Entel Peru S.A.;jun-22;2022;Perdidos;4.791
Flash Servicios Peru S.R.L.;jun-22;2022;Sustraídos;146
Flash Servicios Peru S.R.L.;jun-22;2022;Perdidos;37
Flash Servicios Peru S.R.L.;jun-22;2022;Recuperados;7
Guinea Mobile S.A.C;jun-22;2022;Sustraídos;77
Guinea Mobile S.A.C;jun-22;2022;Recuperados;1
Guinea Mobile S.A.C;jun-22;2022;Perdidos;52
Telefonica del Peru S.A.A.;jun-22;2022;Sustraídos;34.357
Telefonica del Peru S.A.A.;jun-22;2022;Recuperados;1.672
Telefonica del Peru S.A.A.;jun-22;2022;Perdidos;4.455
Viettel Peru S.A.C.;jun-22;2022;Sustraídos;19.568
Viettel Peru S.A.C.;jun-22;2022;Perdidos;5.803
Viettel Peru S.A.C.;jun-22;2022;Recuperados;2.629
America Movil Peru S.A.C.;jul-22;2022;Perdidos;9.650
America Movil Peru S.A.C.;jul-22;2022;Sustraídos;51.174
America Movil Peru S.A.C.;jul-22;2022;Recuperados;2.125
Entel Peru S.A.;jul-22;2022;Recuperados;1.517
Entel Peru S.A.;jul-22;2022;Sustraídos;38.996
Entel Peru S.A.;jul-22;2022;Perdidos;4.873
Flash Servicios Peru S.R.L.;jul-22;2022;Perdidos;32
Flash Servicios Peru S.R.L.;jul-22;2022;Recuperados;3
Flash Servicios Peru S.R.L.;jul-22;2022;Sustraídos;107
Guinea Mobile S.A.C;jul-22;2022;Perdidos;26
Guinea Mobile S.A.C;jul-22;2022;Sustraídos;60
Telefonica del Peru S.A.A.;jul-22;2022;Sustraídos;32.266
Telefonica del Peru S.A.A.;jul-22;2022;Recuperados;1.541
Telefonica del Peru S.A.A.;jul-22;2022;Perdidos;4.143
Viettel Peru S.A.C.;jul-22;2022;Perdidos;5.889
Viettel Peru S.A.C.;jul-22;2022;Sustraídos;19.755
Viettel Peru S.A.C.;jul-22;2022;Recuperados;2.575
America Movil Peru S.A.C.;ago-22;2022;Perdidos;10.134
America Movil Peru S.A.C.;ago-22;2022;Recuperados;2.353
America Movil Peru S.A.C.;ago-22;2022;Sustraídos;53.660
Entel Peru S.A.;ago-22;2022;Perdidos;5.148
Entel Peru S.A.;ago-22;2022;Sustraídos;40.311
Entel Peru S.A.;ago-22;2022;Recuperados;1.718
Flash Servicios Peru S.R.L.;ago-22;2022;Recuperados;5
Flash Servicios Peru S.R.L.;ago-22;2022;Perdidos;33
Flash Servicios Peru S.R.L.;ago-22;2022;Sustraídos;128
Guinea Mobile S.A.C;ago-22;2022;Sustraídos;92
Guinea Mobile S.A.C;ago-22;2022;Perdidos;47
Telefonica del Peru S.A.A.;ago-22;2022;Perdidos;4.575
Telefonica del Peru S.A.A.;ago-22;2022;Sustraídos;35.270
Telefonica del Peru S.A.A.;ago-22;2022;Recuperados;2.419
Viettel Peru S.A.C.;ago-22;2022;Perdidos;6.535
Viettel Peru S.A.C.;ago-22;2022;Recuperados;2.196
Viettel Peru S.A.C.;ago-22;2022;Sustraídos;21.016
